{"name":"7cbd7bf5-91d9-4c06-b553-17fc957b7131","id":"/providers/Microsoft.Flow/flows/7cbd7bf5-91d9-4c06-b553-17fc957b7131","type":"Microsoft.Flow/flows","properties":{"apiId":"/providers/Microsoft.PowerApps/apis/shared_logicflows","displayName":"Create Teams Site for Keuringen","definition":{"metadata":{"workflowEntityId":null,"processAdvisorMetadata":null,"flowclientsuspensionreason":"None","flowclientsuspensiontime":null,"flowclientsuspensionreasondetails":null,"creator":{"id":"c0bf8ea0-7d0d-4a8f-b6c7-7d7dff98a081","type":"User","tenantId":"07ea2495-0569-493e-b620-4912f60dfb22"},"provisioningMethod":"FromDefinition","failureAlertSubscription":true,"clientLastModifiedTime":"2022-11-04T15:19:37.4042425Z"},"$schema":"https://schema.management.azure.com/providers/Microsoft.Logic/schemas/2016-06-01/workflowdefinition.json#","contentVersion":"1.0.0.0","parameters":{"$connections":{"defaultValue":{},"type":"Object"},"$authentication":{"defaultValue":{},"type":"SecureObject"}},"triggers":{"manual":{"metadata":{"operationMetadataId":"eb77ff3d-afd9-442d-a3dd-90eafe7a8072"},"type":"Request","kind":"Button","inputs":{"schema":{"type":"object","properties":{"text":{"title":"Gemeente","type":"string","x-ms-dynamically-added":true,"description":"Gemeente van het keuringsproject zonder spaties of speciale tekens\n","x-ms-content-hint":"TEXT"},"text_1":{"title":"Straatnaam","type":"string","x-ms-dynamically-added":true,"description":"Straatnaam van het keuringsproject zonder spaties of speciale tekens","x-ms-content-hint":"TEXT"},"text_2":{"title":"Projectnr.","type":"string","x-ms-dynamically-added":true,"description":"Projectnr. van het keuringsproject zonder spaties of speciale tekens","x-ms-content-hint":"TEXT"},"text_3":{"title":"Omschrijving","type":"string","x-ms-dynamically-added":true,"description":"Geef algemene informatie die in de omschrijving van het dossier/Teams site moet komen.","x-ms-content-hint":"TEXT"}},"required":["text","text_1","text_2","text_3"]},"headersSchema":{"x-ms-user-email-encoded":{"title":"User email","type":"string","format":"byte","x-ms-dynamically-added":false}}}}},"actions":{"Apply_to_each_folder_in_de_lijst":{"foreach":"@variables('FolderLijst')","actions":{"Create_new_folder":{"runAfter":{},"metadata":{"operationMetadataId":"b16b3e62-a275-47f7-a98f-afb4a0dc7f1a"},"type":"OpenApiConnection","inputs":{"host":{"apiId":"/providers/Microsoft.PowerApps/apis/shared_sharepointonline","connectionName":"shared_sharepointonline","operationId":"CreateNewFolder"},"parameters":{"dataset":"https://avlopbvba.sharepoint.com/sites/@{variables('naam')}","table":"Documenten","parameters/path":"/General/@{items('Apply_to_each_folder_in_de_lijst')}"},"authentication":{"value":"@json(decodeBase64(triggerOutputs().headers['X-MS-APIM-Tokens']))['$ConnectionKey']","type":"Raw"}}}},"runAfter":{"Get_a_team":["Succeeded"]},"metadata":{"operationMetadataId":"39ad74ae-0e69-45cc-a41d-9fb47f81b33e"},"type":"Foreach"},"Create_a_team":{"runAfter":{"Initialize_variable_array_folderlijst":["Succeeded"]},"metadata":{"operationMetadataId":"c8cc1e08-5a44-4d80-9da3-3ed07e4a266e"},"type":"OpenApiConnection","inputs":{"host":{"apiId":"/providers/Microsoft.PowerApps/apis/shared_teams","connectionName":"shared_teams","operationId":"CreateATeam"},"parameters":{"body/displayName":"@replace(variables('naam'),' ','')","body/description":"@variables('omschrijving')","body/visibility":"Public"},"authentication":{"value":"@json(decodeBase64(triggerOutputs().headers['X-MS-APIM-Tokens']))['$ConnectionKey']","type":"Raw"}}},"Initialize_variable_naam":{"runAfter":{},"metadata":{"operationMetadataId":"1a3fc0bc-e8a3-4907-aa6a-16abcf255bbb"},"type":"InitializeVariable","inputs":{"variables":[{"name":"naam","type":"string","value":"KEU_@{triggerBody()['text']}_@{triggerBody()['text_1']}_@{triggerBody()['text_2']}"}]}},"Initialize_variable_omschrijving":{"runAfter":{"Initialize_variable_naam":["Succeeded"]},"metadata":{"operationMetadataId":"9c85190f-79bf-4f75-8e98-0271d4818f42"},"type":"InitializeVariable","inputs":{"variables":[{"name":"omschrijving","type":"string","value":"@triggerBody()['text_1']"}]}},"Initialize_variable_array_folderlijst":{"runAfter":{"Initialize_variable_omschrijving":["Succeeded"]},"metadata":{"operationMetadataId":"66fc0c4c-6ba4-4bf1-af4c-e5d9f9eded55"},"type":"InitializeVariable","inputs":{"variables":[{"name":"folderlijst","type":"array","value":["01_Nuttige Info Project","02_Bestelbon","03_Opvolging","04_Brieven","05_Dossiers","06_Attesten","07_Vorderingsstaat"]}]}},"Get_a_team":{"runAfter":{"Create_a_team":["Succeeded"]},"metadata":{"operationMetadataId":"bb80ca55-a30a-4dee-86cf-ca3abfa0dc98"},"type":"OpenApiConnection","inputs":{"host":{"apiId":"/providers/Microsoft.PowerApps/apis/shared_teams","connectionName":"shared_teams","operationId":"GetTeam"},"parameters":{"teamId":"@outputs('Create_a_team')?['body/newTeamId']"},"authentication":{"value":"@json(decodeBase64(triggerOutputs().headers['X-MS-APIM-Tokens']))['$ConnectionKey']","type":"Raw"}}},"Add_a_member_to_a_team":{"runAfter":{"Apply_to_each_folder_in_de_lijst":["Succeeded"]},"metadata":{"operationMetadataId":"91cb805b-256a-4902-801d-2afac70836a7"},"type":"OpenApiConnection","inputs":{"host":{"apiId":"/providers/Microsoft.PowerApps/apis/shared_teams","connectionName":"shared_teams","operationId":"AddMemberToTeam"},"parameters":{"teamId":"@outputs('Get_a_team')?['body/id']","body/userId":"dalbir.singh@avlop.be","body/owner":false},"authentication":{"value":"@json(decodeBase64(triggerOutputs().headers['X-MS-APIM-Tokens']))['$ConnectionKey']","type":"Raw"}}},"Add_a_member_to_a_team_2":{"runAfter":{"Add_a_member_to_a_team":["Succeeded"]},"metadata":{"operationMetadataId":"91cb805b-256a-4902-801d-2afac70836a7"},"type":"OpenApiConnection","inputs":{"host":{"apiId":"/providers/Microsoft.PowerApps/apis/shared_teams","connectionName":"shared_teams","operationId":"AddMemberToTeam"},"parameters":{"teamId":"@outputs('Get_a_team')?['body/id']","body/userId":"bart.geeraerts@avlop.be","body/owner":true},"authentication":{"value":"@json(decodeBase64(triggerOutputs().headers['X-MS-APIM-Tokens']))['$ConnectionKey']","type":"Raw"}}},"Add_a_member_to_a_team_3":{"runAfter":{"Add_a_member_to_a_team_2":["Succeeded"]},"metadata":{"operationMetadataId":"91cb805b-256a-4902-801d-2afac70836a7"},"type":"OpenApiConnection","inputs":{"host":{"apiId":"/providers/Microsoft.PowerApps/apis/shared_teams","connectionName":"shared_teams","operationId":"AddMemberToTeam"},"parameters":{"teamId":"@outputs('Get_a_team')?['body/id']","body/userId":"frank.vandeneynde@avlop.be","body/owner":false},"authentication":{"value":"@json(decodeBase64(triggerOutputs().headers['X-MS-APIM-Tokens']))['$ConnectionKey']","type":"Raw"}}},"Add_a_member_to_a_team_4":{"runAfter":{"Add_a_member_to_a_team_3":["Succeeded"]},"metadata":{"operationMetadataId":"91cb805b-256a-4902-801d-2afac70836a7"},"type":"OpenApiConnection","inputs":{"host":{"apiId":"/providers/Microsoft.PowerApps/apis/shared_teams","connectionName":"shared_teams","operationId":"AddMemberToTeam"},"parameters":{"teamId":"@outputs('Get_a_team')?['body/id']","body/userId":"Davy.bollen@avlop.be","body/owner":false},"authentication":{"value":"@json(decodeBase64(triggerOutputs().headers['X-MS-APIM-Tokens']))['$ConnectionKey']","type":"Raw"}}}}},"connectionReferences":{"shared_sharepointonline":{"connectionName":"shared-sharepointonl-99357500-974f-4dc2-bd72-859d-342a6f45","source":"Invoker","id":"/providers/Microsoft.PowerApps/apis/shared_sharepointonline","tier":"NotSpecified"},"shared_teams":{"connectionName":"shared-teams-919df7dd-2b64-49d6-ab7f-c65164dbd4da","source":"Invoker","id":"/providers/Microsoft.PowerApps/apis/shared_teams","tier":"NotSpecified"}},"flowFailureAlertSubscribed":false,"isManaged":false}}