<environmentvariabledefinition schemaname="cr0b4_Administratie">
  <apiid>/providers/microsoft.powerapps/apis/shared_sharepointonline</apiid>
  <description default="Administratie site var">
    <label description="Administratie site var" languagecode="1033" />
  </description>
  <displayname default="Administratie">
    <label description="Administratie" languagecode="1033" />
  </displayname>
  <introducedversion>1.0.0.4</introducedversion>
  <iscustomizable>1</iscustomizable>
  <isrequired>0</isrequired>
  <parameterkey>dataset</parameterkey>
  <secretstore>0</secretstore>
  <type>100000004</type>
</environmentvariabledefinition>