{
  "properties": {
    "connectionReferences": {},
    "definition": {
      "$schema": "https://schema.management.azure.com/providers/Microsoft.Logic/schemas/2016-06-01/workflowdefinition.json#",
      "contentVersion": "1.0.0.0",
      "parameters": {
        "$authentication": {
          "defaultValue": {},
          "type": "SecureObject"
        }
      },
      "triggers": {
        "manual": {
          "metadata": {
            "operationMetadataId": "a3dffc31-083e-4cb8-81b2-1042a62f5d3d"
          },
          "type": "Request",
          "kind": "PowerAppV2",
          "inputs": {
            "schema": {
              "type": "object",
              "properties": {
                "number": {
                  "title": "InvoiceID",
                  "type": "number",
                  "x-ms-dynamically-added": true,
                  "description": "Please enter a number",
                  "x-ms-content-hint": "NUMBER"
                },
                "number_1": {
                  "title": "CompanyID",
                  "type": "number",
                  "x-ms-dynamically-added": true,
                  "description": "Please enter a number",
                  "x-ms-content-hint": "NUMBER"
                }
              },
              "required": [
                "number",
                "number_1"
              ]
            }
          }
        }
      },
      "actions": {
        "calculate_and_format_rest_value_MOD_97": {
          "runAfter": {
            "Format_description": [
              "Succeeded"
            ]
          },
          "metadata": {
            "operationMetadataId": "61d5af58-b4a5-40b8-81ec-5d71892e6933"
          },
          "type": "Compose",
          "inputs": "@formatnumber(if(equals(mod(int(outputs('Format_description')?['body']), 97), 0), 97, mod(int(outputs('Format_description')?['body']), 97)), 'D2')"
        },
        "Compose_structured_description": {
          "runAfter": {
            "Concat_input_and_MOD": [
              "Succeeded"
            ]
          },
          "metadata": {
            "operationMetadataId": "fec3d576-f430-475a-a60a-bbe8bd4d561c"
          },
          "type": "Compose",
          "inputs": "@concat('+++',substring(string(outputs('Concat_input_and_MOD')),0,3),'/',substring(string(outputs('Concat_input_and_MOD')),3,4),'/',substring(string(outputs('Concat_input_and_MOD')),7),'+++')"
        },
        "Concat_input_and_MOD": {
          "runAfter": {
            "calculate_and_format_rest_value_MOD_97": [
              "Succeeded"
            ]
          },
          "metadata": {
            "operationMetadataId": "c94ed400-8b2d-4030-bbd3-679856d18c85"
          },
          "type": "Compose",
          "inputs": "@concat(outputs('Format_description')?['body'],outputs('calculate_and_format_rest_value_MOD_97'))"
        },
        "Format_description": {
          "runAfter": {
            "Format_InvoiceID": [
              "Succeeded"
            ]
          },
          "metadata": {
            "operationMetadataId": "d55d22cb-12a6-4069-a7ef-fd49a22e241f"
          },
          "type": "Expression",
          "kind": "FormatNumber",
          "inputs": {
            "number": "@int(concat(outputs('Format_InvoiceID')?['body'],outputs('Format_CompanyID')?['body']))",
            "format": "D10"
          }
        },
        "Format_CompanyID": {
          "runAfter": {},
          "metadata": {
            "operationMetadataId": "9131425c-542b-4a18-bb15-8c006e94d622"
          },
          "type": "Expression",
          "kind": "FormatNumber",
          "inputs": {
            "number": "@triggerBody()['number_1']",
            "format": "D4"
          }
        },
        "Format_InvoiceID": {
          "runAfter": {
            "Format_CompanyID": [
              "Succeeded"
            ]
          },
          "metadata": {
            "operationMetadataId": "e1aeb5dc-e39c-47dc-a040-19eb5cc19523"
          },
          "type": "Expression",
          "kind": "FormatNumber",
          "inputs": {
            "number": "@triggerBody()['number']",
            "format": "D6"
          }
        },
        "Respond_to_a_PowerApp_or_flow": {
          "runAfter": {
            "Compose_structured_description": [
              "Succeeded"
            ]
          },
          "metadata": {
            "operationMetadataId": "ead38e4b-0730-429a-969a-959aff0d475d"
          },
          "type": "Response",
          "kind": "PowerApp",
          "inputs": {
            "statusCode": 200,
            "body": {
              "output": "@{outputs('Compose_structured_description')}"
            },
            "schema": {
              "type": "object",
              "properties": {
                "output": {
                  "title": "output",
                  "x-ms-dynamically-added": true,
                  "type": "string"
                }
              }
            }
          }
        }
      }
    },
    "templateName": ""
  },
  "schemaVersion": "1.0.0.0"
}