{
  "properties": {
    "connectionReferences": {
      "shared_sharepointonline": {
        "runtimeSource": "invoker",
        "connection": {
          "connectionReferenceLogicalName": "new_sharedsharepointonline_8c8db"
        },
        "api": {
          "name": "shared_sharepointonline"
        }
      },
      "shared_wordonlinebusiness": {
        "runtimeSource": "invoker",
        "connection": {
          "connectionReferenceLogicalName": "new_sharedwordonlinebusiness_3a68e"
        },
        "api": {
          "name": "shared_wordonlinebusiness"
        }
      }
    },
    "definition": {
      "$schema": "https://schema.management.azure.com/providers/Microsoft.Logic/schemas/2016-06-01/workflowdefinition.json#",
      "contentVersion": "1.0.0.0",
      "parameters": {
        "$connections": {
          "defaultValue": {},
          "type": "Object"
        },
        "$authentication": {
          "defaultValue": {},
          "type": "SecureObject"
        }
      },
      "triggers": {
        "manual": {
          "metadata": {
            "operationMetadataId": "eabf14ec-b183-4c70-9cdb-93023a2520f6"
          },
          "type": "Request",
          "kind": "PowerAppV2",
          "inputs": {
            "schema": {
              "type": "object",
              "properties": {
                "text": {
                  "title": "Company ID",
                  "type": "string",
                  "x-ms-dynamically-added": true,
                  "description": "Please enter your input",
                  "x-ms-content-hint": "TEXT"
                },
                "text_1": {
                  "title": "Invoice ID",
                  "type": "string",
                  "x-ms-dynamically-added": true,
                  "description": "Please enter your input",
                  "x-ms-content-hint": "TEXT"
                }
              },
              "required": [
                "text",
                "text_1"
              ]
            }
          }
        }
      },
      "actions": {
        "Initialize_Invoice_Items": {
          "runAfter": {
            "Initialize_Invoice": [
              "Succeeded"
            ]
          },
          "metadata": {
            "operationMetadataId": "55e901e8-36ff-4cd6-b2b1-53ee93080fd7"
          },
          "type": "InitializeVariable",
          "inputs": {
            "variables": [
              {
                "name": "Invoice Items",
                "type": "array"
              }
            ]
          }
        },
        "Get_Customer": {
          "runAfter": {
            "Initialize_Invoice_Items": [
              "Succeeded"
            ]
          },
          "metadata": {
            "operationMetadataId": "25863dcf-504a-42c7-93c2-9a70b217e574"
          },
          "type": "OpenApiConnection",
          "inputs": {
            "host": {
              "apiId": "/providers/Microsoft.PowerApps/apis/shared_sharepointonline",
              "connectionName": "shared_sharepointonline",
              "operationId": "GetItems"
            },
            "parameters": {
              "dataset": "https://ztmjj.sharepoint.com/sites/InvoiceGenerator",
              "table": "a3023b74-d7d5-4002-8c85-7bed44ae4de8",
              "$filter": "Company_x0020_ID eq '@{triggerBody()['text']}'"
            },
            "authentication": {
              "value": "@json(decodeBase64(triggerOutputs().headers['X-MS-APIM-Tokens']))['$ConnectionKey']",
              "type": "Raw"
            }
          }
        },
        "Get_Invoice": {
          "runAfter": {
            "Set_variable": [
              "Succeeded"
            ]
          },
          "metadata": {
            "operationMetadataId": "b256656e-9099-4dc3-a7e5-19c693835932"
          },
          "type": "OpenApiConnection",
          "inputs": {
            "host": {
              "apiId": "/providers/Microsoft.PowerApps/apis/shared_sharepointonline",
              "connectionName": "shared_sharepointonline",
              "operationId": "GetItems"
            },
            "parameters": {
              "dataset": "https://ztmjj.sharepoint.com/sites/InvoiceGenerator",
              "table": "c61b5f15-0e94-4924-ae91-0653655065db",
              "$filter": "ID eq @{triggerBody()['text_1']}"
            },
            "authentication": {
              "value": "@json(decodeBase64(triggerOutputs().headers['X-MS-APIM-Tokens']))['$ConnectionKey']",
              "type": "Raw"
            }
          }
        },
        "Get_Invoice_details": {
          "runAfter": {
            "Set_variable_2": [
              "Succeeded"
            ]
          },
          "metadata": {
            "operationMetadataId": "3f3b2829-4d69-42de-bc30-443879b123f4"
          },
          "type": "OpenApiConnection",
          "inputs": {
            "host": {
              "apiId": "/providers/Microsoft.PowerApps/apis/shared_sharepointonline",
              "connectionName": "shared_sharepointonline",
              "operationId": "GetItems"
            },
            "parameters": {
              "dataset": "https://ztmjj.sharepoint.com/sites/InvoiceGenerator",
              "table": "4a7186ef-03bf-4ef1-bc9a-558b7b48d024",
              "$filter": "Invoice_x0020_ID eq '@{triggerBody()['text_1']}'"
            },
            "authentication": {
              "value": "@json(decodeBase64(triggerOutputs().headers['X-MS-APIM-Tokens']))['$ConnectionKey']",
              "type": "Raw"
            }
          }
        },
        "Apply_to_each": {
          "foreach": "@body('Select_2')",
          "actions": {
            "Append_to_array_variable": {
              "runAfter": {},
              "metadata": {
                "operationMetadataId": "9438a2a8-b235-4106-a79c-cdbd787873c4"
              },
              "type": "AppendToArrayVariable",
              "inputs": {
                "name": "Invoice Items",
                "value": "@items('Apply_to_each')"
              }
            }
          },
          "runAfter": {
            "Select_2": [
              "Succeeded"
            ]
          },
          "metadata": {
            "operationMetadataId": "65b2ad55-17bc-45aa-9701-dc2eef6b1227"
          },
          "type": "Foreach"
        },
        "Select_2": {
          "runAfter": {
            "Get_Invoice_details": [
              "Succeeded"
            ]
          },
          "metadata": {
            "operationMetadataId": "83b6a23e-158d-493a-b1d2-02f561d997d7"
          },
          "type": "Select",
          "inputs": {
            "from": "@outputs('Get_Invoice_details')?['body/value']",
            "select": {
              "Hoeveelheid": "@item()['Qty']",
              "Beschrijving": "@item()?['Title']",
              "PrijsPerEenheid": "@item()['Unit_x0020_Price']",
              "TotaalPerItem": "@item()['Total']"
            }
          }
        },
        "Initialize_Customer": {
          "runAfter": {},
          "metadata": {
            "operationMetadataId": "b3bf03a2-80ad-4c30-9bcd-ec2adb9ddf14"
          },
          "type": "InitializeVariable",
          "inputs": {
            "variables": [
              {
                "name": "Customer",
                "type": "object"
              }
            ]
          }
        },
        "Initialize_Invoice": {
          "runAfter": {
            "Initialize_Customer": [
              "Succeeded"
            ]
          },
          "metadata": {
            "operationMetadataId": "c56b4d96-ac6e-4f39-bd38-de4c3d16250b"
          },
          "type": "InitializeVariable",
          "inputs": {
            "variables": [
              {
                "name": "Invoice",
                "type": "object"
              }
            ]
          }
        },
        "Set_variable": {
          "runAfter": {
            "Get_Customer": [
              "Succeeded"
            ]
          },
          "metadata": {
            "operationMetadataId": "e518e173-20fd-49b7-ba17-93587eae3866"
          },
          "type": "SetVariable",
          "inputs": {
            "name": "Customer",
            "value": "@first(outputs('Get_Customer')?['body/value'])"
          }
        },
        "Set_variable_2": {
          "runAfter": {
            "Get_Invoice": [
              "Succeeded"
            ]
          },
          "metadata": {
            "operationMetadataId": "2584db03-0a1e-4073-a526-650d3e185fd9"
          },
          "type": "SetVariable",
          "inputs": {
            "name": "Invoice",
            "value": "@first(outputs('Get_Invoice')?['body/value'])"
          }
        },
        "Create_file": {
          "runAfter": {
            "Populate_a_Microsoft_Word_template": [
              "Succeeded"
            ]
          },
          "metadata": {
            "operationMetadataId": "245a7356-8638-4344-a830-b11faf710eb2"
          },
          "type": "OpenApiConnection",
          "inputs": {
            "host": {
              "apiId": "/providers/Microsoft.PowerApps/apis/shared_sharepointonline",
              "connectionName": "shared_sharepointonline",
              "operationId": "CreateFile"
            },
            "parameters": {
              "dataset": "https://ztmjj.sharepoint.com/sites/InvoiceGenerator",
              "folderPath": "/Shared Documents/Invoices",
              "name": "@{triggerBody()['text']}_@{triggerBody()['text_1']}.docx",
              "body": "@body('Populate_a_Microsoft_Word_template')"
            },
            "authentication": {
              "value": "@json(decodeBase64(triggerOutputs().headers['X-MS-APIM-Tokens']))['$ConnectionKey']",
              "type": "Raw"
            }
          }
        },
        "Populate_a_Microsoft_Word_template": {
          "runAfter": {
            "Apply_to_each": [
              "Succeeded"
            ]
          },
          "metadata": {
            "01LMH7IF5CTHNYSHDUAJGYTCH2QEL3TFAF": "/Invoice template.docx",
            "operationMetadataId": "59618257-297e-4e3e-9942-98672ea288f7"
          },
          "type": "OpenApiConnection",
          "inputs": {
            "host": {
              "apiId": "/providers/Microsoft.PowerApps/apis/shared_wordonlinebusiness",
              "connectionName": "shared_wordonlinebusiness",
              "operationId": "CreateFileItem"
            },
            "parameters": {
              "source": "sites/ztmjj.sharepoint.com,9d1f234d-a34a-4808-b108-8d6666b54555,40b56deb-58a2-44c9-a56c-a65562a17680",
              "drive": "b!TSMfnUqjCEixCI1mZrVFVetttUCiWMlEpWymVWKhdoCykX_RQ1YcRKmyMTOy2ln0",
              "file": "01LMH7IF5CTHNYSHDUAJGYTCH2QEL3TFAF",
              "dynamicFileSchema/843986898": "@variables('Customer')['Company_x0020_Name']",
              "dynamicFileSchema/872582745": "@variables('Customer')['Address']",
              "dynamicFileSchema/882369101": "@variables('Customer')['Contact_x0020_Name']",
              "dynamicFileSchema/920921018": "@variables('Customer')['Fax']",
              "dynamicFileSchema/1977410062": "@variables('Invoice')['Detail_x0020_Total']",
              "dynamicFileSchema/-2034484248": "@triggerBody()['text_1']",
              "dynamicFileSchema/-390961524": "@variables('Invoice')['Invoice_x0020_Date']",
              "dynamicFileSchema/-1882309957": "@{variables('Customer')['ZIP_x0020_CODE']}\" \"@{variables('Customer')['City']}",
              "dynamicFileSchema/-1973353413": "@variables('Customer')['Phone']",
              "dynamicFileSchema/-638194718": "@variables('Invoice Items')",
              "dynamicFileSchema/-1768771589": "@variables('Invoice')['Tax_x0020_Rate']"
            },
            "authentication": {
              "value": "@json(decodeBase64(triggerOutputs().headers['X-MS-APIM-Tokens']))['$ConnectionKey']",
              "type": "Raw"
            }
          }
        }
      }
    },
    "templateName": null
  },
  "schemaVersion": "1.0.0.0"
}