{"name":"8e6f4efd-7743-4fbf-b07d-b858908ba160","id":"/providers/Microsoft.Flow/flows/8e6f4efd-7743-4fbf-b07d-b858908ba160","type":"Microsoft.Flow/flows","properties":{"apiId":"/providers/Microsoft.PowerApps/apis/shared_logicflows","displayName":"Compose structured description for payment","definition":{"metadata":{"workflowEntityId":null,"processAdvisorMetadata":null,"flowChargedByPaygo":null,"flowclientsuspensionreason":"None","flowclientsuspensiontime":null,"flowclientsuspensionreasondetails":null,"creator":{"id":"c0bf8ea0-7d0d-4a8f-b6c7-7d7dff98a081","type":"User","tenantId":"07ea2495-0569-493e-b620-4912f60dfb22"},"provisioningMethod":"FromDefinition","failureAlertSubscription":true,"clientLastModifiedTime":"2023-06-20T07:23:25.8858137Z"},"$schema":"https://schema.management.azure.com/providers/Microsoft.Logic/schemas/2016-06-01/workflowdefinition.json#","contentVersion":"1.0.0.0","parameters":{"$authentication":{"defaultValue":{},"type":"SecureObject"}},"triggers":{"manual":{"metadata":{"operationMetadataId":"1226f6ce-9c74-41d3-8992-e9a1c281490b"},"type":"Request","kind":"Button","inputs":{"schema":{"type":"object","properties":{"number":{"title":"Number","type":"number","x-ms-dynamically-added":true,"description":"Please enter a number","x-ms-content-hint":"NUMBER"}},"required":["number"]}}}},"actions":{"calculate_and_format_rest_value_MOD_97":{"runAfter":{},"metadata":{"operationMetadataId":"61d5af58-b4a5-40b8-81ec-5d71892e6933"},"type":"Compose","inputs":"@formatnumber(if(equals(mod(triggerBody()['number'], 97), 0), 97, mod(triggerBody()['number'], 97)), 'D2')"},"Compose_Structured_description":{"runAfter":{"Concat_input_and_MOD":["Succeeded"]},"metadata":{"operationMetadataId":"fec3d576-f430-475a-a60a-bbe8bd4d561c"},"type":"Compose","inputs":"@concat('+++',substring(string(outputs('Concat_input_and_MOD')),0,3),'/',substring(string(outputs('Concat_input_and_MOD')),3,4),'/',substring(string(outputs('Concat_input_and_MOD')),7),'+++')"},"Concat_input_and_MOD":{"runAfter":{"calculate_and_format_rest_value_MOD_97":["Succeeded"]},"metadata":{"operationMetadataId":"c94ed400-8b2d-4030-bbd3-679856d18c85"},"type":"Compose","inputs":"@concat(triggerBody()['number'],outputs('calculate_and_format_rest_value_MOD_97'))"}}},"connectionReferences":{},"flowFailureAlertSubscribed":false,"isManaged":false}}